{"no_mask": {"ssim": {"ref": 1.0, "gcc4": 0.5029246979992485, "gcc6": 0.599770032752365, "gcc8": 0.6612096777018786, "gcc16": 0.7470944790443055, "gcc24": 0.7907861444444381, "gcc32": 0.8290040117686537, "scc8": 0.5606913034645452, "scc16": 0.6991022757218476, "scc24": 0.7768491174971703, "scc32": 0.8309446115435454, "zfptol_1e4": 0.5873461737268537, "zfptol_1e5": 0.9343737614597574, "zfptol_1e6": 0.991873587222369, "zfptol_1e7": 0.9982601530569806, "zfptol_1e8": 0.9984509093252921, "rmOS": 0.98523273212859, "rmOS_zfp1e6": 0.9780785589466742, "rmOS_zfp1e6_gcc8": 0.6587063676992095, "rmOS_zfp1e6_gcc16": 0.7426971849665849, "rmOS_zfp1e6_scc16": 0.6937353877573058, "rmOS_zfp1e6_scc24": 0.781096940442337}, "rmse": {"ref": 0.0, "gcc4": 32.64336213055456, "gcc6": 19.639066115089015, "gcc8": 12.907865167426207, "gcc16": 5.2219461858032075, "gcc24": 3.09526860472905, "gcc32": 2.116535393527914, "scc8": 25.511054053389667, "scc16": 9.829761232553954, "scc24": 5.079597695965688, "scc32": 2.380304611880673, "zfptol_1e4": 7.109245212585917, "zfptol_1e5": 3.1119180771113406, "zfptol_1e6": 0.26408767644667647, "zfptol_1e7": 0.11946485083880322, "zfptol_1e8": 0.11281171936562122, "rmOS": 0.2332540156693832, "rmOS_zfp1e6": 0.33628557289510413, "rmOS_zfp1e6_gcc8": 13.00683914707434, "rmOS_zfp1e6_gcc16": 6.41099906996217, "rmOS_zfp1e6_scc16": 9.805126524213314, "rmOS_zfp1e6_scc24": 4.335390394416696}, "psnr": {"ref": null, "gcc4": 57.10925013024382, "gcc6": 59.31599063742591, "gcc8": 61.13865475719688, "gcc16": 65.06887503999971, "gcc24": 67.34021553245019, "gcc32": 68.99094360623585, "scc8": 58.179914929857475, "scc16": 62.32176927100733, "scc24": 65.18890578403759, "scc32": 68.48087357873254, "zfptol_1e4": 63.72896401733148, "zfptol_1e5": 67.31691740499258, "zfptol_1e6": 78.02971760446457, "zfptol_1e7": 81.47479750753413, "zfptol_1e8": 81.7236567756975, "rmOS": 78.56890766697967, "rmOS_zfp1e6": 76.98011660040615, "rmOS_zfp1e6_gcc8": 61.10548126489129, "rmOS_zfp1e6_gcc16": 64.1779418205452, "rmOS_zfp1e6_scc16": 62.33266693810059, "rmOS_zfp1e6_scc24": 65.87691684894476}, "avg_signal": {"ref": 61.05048418317522, "gcc4": 45.86503295898437, "gcc6": 52.40139522007534, "gcc8": 55.175106331961494, "gcc16": 58.63799442836216, "gcc24": 59.730430341448105, "gcc32": 60.27438646589007, "scc8": 48.53117139543806, "scc16": 56.51871725899833, "scc24": 58.906896057128904, "scc32": 60.489003121512276, "zfptol_1e4": 63.29257546561105, "zfptol_1e5": 62.65670519147601, "zfptol_1e6": 61.07756883893694, "zfptol_1e7": 61.050309884207586, "zfptol_1e8": 61.05037166050502, "rmOS": 61.042156720842634, "rmOS_zfp1e6": 61.06976784842355, "rmOS_zfp1e6_gcc8": 55.228947448730466, "rmOS_zfp1e6_gcc16": 58.108611886160716, "rmOS_zfp1e6_scc16": 56.566004813058036, "rmOS_zfp1e6_scc24": 59.409864632742746}}, "fsl_mask": {"ssim": {"ref": 1.0, "gcc4": 0.8914161249354833, "gcc6": 0.953408919884632, "gcc8": 0.975651661795232, "gcc16": 0.9918914411416346, "gcc24": 0.9959874325081084, "gcc32": 0.997433213681317, "scc8": 0.9347698543661335, "scc16": 0.9869651242949643, "scc24": 0.9940154079660319, "scc32": 0.9964311315077832, "zfptol_1e4": 0.972253488182702, "zfptol_1e5": 0.9986528890693328, "zfptol_1e6": 0.9999364327764456, "zfptol_1e7": 0.9999861022608453, "zfptol_1e8": 0.9999876563493842, "rmOS": 0.9999699211078155, "rmOS_zfp1e6": 0.9999198715662323, "rmOS_zfp1e6_gcc8": 0.974320994750721, "rmOS_zfp1e6_gcc16": 0.990400609431116, "rmOS_zfp1e6_scc16": 0.9866606504783998, "rmOS_zfp1e6_scc24": 0.9944994501412185}, "rmse": {"ref": 0.0, "gcc4": 57.788557204717165, "gcc6": 35.33014221039937, "gcc8": 24.45507024323012, "gcc16": 10.023784517494922, "gcc24": 5.861876147658153, "gcc32": 3.9360750281612162, "scc8": 51.69407636554539, "scc16": 18.50389361560003, "scc24": 9.044579298846509, "scc32": 4.046827920812328, "zfptol_1e4": 14.015186246195059, "zfptol_1e5": 6.776294202776686, "zfptol_1e6": 0.4244530149338236, "zfptol_1e7": 0.1820431171923933, "zfptol_1e8": 0.17655006122486988, "rmOS": 0.2805829313442446, "rmOS_zfp1e6": 0.4619529635169559, "rmOS_zfp1e6_gcc8": 25.309843032285922, "rmOS_zfp1e6_gcc16": 12.521100144947146, "rmOS_zfp1e6_scc16": 18.52662801770097, "rmOS_zfp1e6_scc24": 7.46798969635955}, "psnr": {"ref": null, "gcc4": 54.62878044276777, "gcc6": 56.76574510381048, "gcc8": 58.363509813358675, "gcc16": 62.23688173929979, "gcc24": 64.56683257704313, "gcc32": 66.29656527719474, "scc8": 55.11279115881224, "scc16": 59.57456773054237, "scc24": 62.68331525119891, "scc32": 66.17605158218194, "zfptol_1e4": 60.7812102251157, "zfptol_1e5": 63.93727642670047, "zfptol_1e6": 75.96890273167878, "zfptol_1e7": 79.64545632450651, "zfptol_1e8": 79.778520234297, "rmOS": 77.7665864780513, "rmOS_zfp1e6": 75.60122138398864, "rmOS_zfp1e6_gcc8": 58.21430444195842, "rmOS_zfp1e6_gcc16": 61.2707740684634, "rmOS_zfp1e6_scc16": 59.56923514207923, "rmOS_zfp1e6_scc24": 63.51516185857393}, "avg_signal": {"ref": 223.54141020833467, "gcc4": 178.37355338104751, "gcc6": 197.45947177126502, "gcc8": 205.66729649815846, "gcc16": 216.26283180643645, "gcc24": 219.61566863428396, "gcc32": 221.26255595209616, "scc8": 177.1498007598925, "scc16": 207.45022041408322, "scc24": 216.1841096046878, "scc32": 221.4755405559758, "zfptol_1e4": 232.49503596881985, "zfptol_1e5": 229.5354866135216, "zfptol_1e6": 223.6425172893863, "zfptol_1e7": 223.54001369573697, "zfptol_1e8": 223.5402340559424, "rmOS": 223.51555263537875, "rmOS_zfp1e6": 223.61261214664245, "rmOS_zfp1e6_gcc8": 205.74728159555875, "rmOS_zfp1e6_gcc16": 214.3792523054311, "rmOS_zfp1e6_scc16": 207.50524769780156, "rmOS_zfp1e6_scc24": 217.90652390127002}}, "own_mask": {"ssim": {"ref": 1.0, "gcc4": 0.7972865230573536, "gcc6": 0.9136379869257707, "gcc8": 0.9569936376877843, "gcc16": 0.9876513888026648, "gcc24": 0.9936816713655571, "gcc32": 0.9961465166980903, "scc8": 0.9006007069626569, "scc16": 0.9767514168703173, "scc24": 0.9889092270963297, "scc32": 0.9940374535589361, "zfptol_1e4": 0.9598161068626744, "zfptol_1e5": 0.998229517186713, "zfptol_1e6": 0.9998835037293986, "zfptol_1e7": 0.9999704186924029, "zfptol_1e8": 0.9999738464854186, "rmOS": 0.99991303217963, "rmOS_zfp1e6": 0.9998150926897568, "rmOS_zfp1e6_gcc8": 0.9578776741806103, "rmOS_zfp1e6_gcc16": 0.9840013001827059, "rmOS_zfp1e6_scc16": 0.9749792222027486, "rmOS_zfp1e6_scc24": 0.9900870718155628}, "rmse": {"ref": 0.0, "gcc4": 49.46512587791032, "gcc6": 29.670141622969975, "gcc8": 19.488061176691602, "gcc16": 7.807057695700536, "gcc24": 4.563021088606636, "gcc32": 3.066429188032209, "scc8": 38.71029948620862, "scc16": 14.846236291263091, "scc24": 7.607721221341488, "scc32": 3.4621585814845637, "zfptol_1e4": 10.495381100088531, "zfptol_1e5": 4.6996365806209095, "zfptol_1e6": 0.3521908161812252, "zfptol_1e7": 0.15854595978394684, "zfptol_1e8": 0.1498170524718737, "rmOS": 0.2492933757158991, "rmOS_zfp1e6": 0.40484431687561356, "rmOS_zfp1e6_gcc8": 19.628722873290386, "rmOS_zfp1e6_gcc16": 9.620688127843522, "rmOS_zfp1e6_scc16": 14.797488631156996, "rmOS_zfp1e6_scc24": 6.459855001167433}, "psnr": {"ref": null, "gcc4": 55.30420777336388, "gcc6": 57.52400276618115, "gcc8": 59.34951261648516, "gcc16": 63.322325070368805, "gcc24": 65.6546742000875, "gcc32": 67.38086955805547, "scc8": 56.368933646397224, "scc16": 60.53103527474842, "scc24": 63.43465306077081, "scc32": 66.85372939419177, "zfptol_1e4": 62.03721682968484, "zfptol_1e5": 65.52655620368613, "zfptol_1e6": 76.77941868931828, "zfptol_1e7": 80.2456471652857, "zfptol_1e8": 80.49158647505676, "rmOS": 78.28009157456862, "rmOS_zfp1e6": 76.17431848820533, "rmOS_zfp1e6_gcc8": 59.31827852429591, "rmOS_zfp1e6_gcc16": 62.41513759507167, "rmOS_zfp1e6_scc16": 60.54531880957998, "rmOS_zfp1e6_scc24": 64.14497126067337}, "avg_signal": {"ref": 137.9425956436191, "gcc4": 102.67642914324347, "gcc6": 117.817188351787, "gcc8": 124.55400943272325, "gcc16": 132.74579271528023, "gcc24": 135.19764398117334, "gcc32": 136.39630561101959, "scc8": 107.42045307137342, "scc16": 126.71250500590607, "scc24": 132.59827164400218,